staging,prod
https://staging.scmagazine.com/wp-admin/post.php?post=124897&action=edit,https://cdn.scmagazine.com/wp-admin/post.php?post=159235&action=edit
https://staging.scmagazine.com/wp-admin/post.php?post=114515&action=edit,https://cdn.scmagazine.com/wp-admin/post.php?post=175493&action=edit
https://staging.scmagazine.com/wp-admin/post.php?post=114641&action=edit,https://cdn.scmagazine.com/wp-admin/post.php?post=175494&action=edit
https://staging.scmagazine.com/wp-admin/post.php?post=122064&action=edit,https://cdn.scmagazine.com/wp-admin/post.php?post=175495&action=edit
https://staging.scmagazine.com/wp-admin/post.php?post=122608&action=edit,https://cdn.scmagazine.com/wp-admin/post.php?post=175496&action=edit
https://staging.scmagazine.com/wp-admin/post.php?post=122609&action=edit,https://cdn.scmagazine.com/wp-admin/post.php?post=175497&action=edit
https://staging.scmagazine.com/wp-admin/post.php?post=124012&action=edit,https://cdn.scmagazine.com/wp-admin/post.php?post=175498&action=edit
https://staging.scmagazine.com/wp-admin/post.php?post=125356&action=edit,https://cdn.scmagazine.com/wp-admin/post.php?post=175500&action=edit
https://staging.scmagazine.com/wp-admin/post.php?post=126519&action=edit,https://cdn.scmagazine.com/wp-admin/post.php?post=175514&action=edit
