SC Awards 2022;Trust Awards;
SC Awards 2022;Trust Awards;Authentication Technology
SC Awards 2022;Trust Awards;Business Continuity/Disaster Recovery Solution
SC Awards 2022;Trust Awards;Cloud Security Posture Management Solution
SC Awards 2022;Trust Awards;Cloud Workload Protection Solution
SC Awards 2022;Trust Awards;Computer Forensic Solution
SC Awards 2022;Trust Awards;Data Security Solution
SC Awards 2022;Trust Awards;Database Security Solution
SC Awards 2022;Trust Awards;Deception Technology
SC Awards 2022;Trust Awards;Email Security Solution
SC Awards 2022;Trust Awards;Identity Management Solution
SC Awards 2022;Trust Awards;Managed Detection And Response Service
SC Awards 2022;Trust Awards;Managed Security Service
SC Awards 2022;Trust Awards;Mobile Security Solution
SC Awards 2022;Trust Awards;Risk/Policy Management Solution
SC Awards 2022;Trust Awards;Sase Solution
SC Awards 2022;Trust Awards;Scada Security Solution
SC Awards 2022;Trust Awards;Siem Solution
SC Awards 2022;Trust Awards;Threat Detection Technology
SC Awards 2022;Trust Awards;Threat Intelligence Technology
SC Awards 2022;Trust Awards;Vulnerability Management Solution
SC Awards 2022;Trust Awards;Web Application Solution
SC Awards 2022;Excellence Awards;
SC Awards 2022;Excellence Awards;Customer Service
SC Awards 2022;Excellence Awards;Emerging Technology
SC Awards 2022;Excellence Awards;Enterprise Security Solution
SC Awards 2022;Excellence Awards;It Security-related Training Program
SC Awards 2022;Excellence Awards;Pandemic Pivot
SC Awards 2022;Excellence Awards;Professional Certification Program
SC Awards 2022;Excellence Awards;Regulatory Compliance Solution
SC Awards 2022;Excellence Awards;Security Company
SC Awards 2022;Excellence Awards;Sme Security Solution
SC Awards 2022;Excellence Awards;Deal Of The Year
SC Awards 2022;Excellence Awards;Early-stage Investor Of The Year
SC Awards 2022;Excellence Awards;Growth Stage Investor Of The Year
SC Awards 2022;Excellence Awards;Innovator Of The Year
SC Awards 2022;Excellence Awards;Most Promising Early-stage Startup
SC Awards 2022;Excellence Awards;Most Promising Unicorn
SC Awards 2022;Excellence Awards;Security Executive Of The Year
SC Awards 2022;Excellence Awards;Security Marketing Campaign Of The Year
SC Awards 2022;Winner;
